,hall,floor,row,col
0,OH,1F,01,07
1,OH,1F,01,08
2,OH,1F,01,09
3,OH,1F,01,10
4,OH,1F,01,11
5,OH,1F,01,12
6,OH,1F,01,13
7,OH,1F,01,14
8,OH,1F,01,15
9,OH,1F,01,16
10,OH,1F,01,17
11,OH,1F,01,18
12,OH,1F,01,19
13,OH,1F,01,20
14,OH,1F,01,21
15,OH,1F,01,22
16,OH,1F,01,23
17,OH,1F,01,24
18,OH,1F,01,25
19,OH,1F,01,26
20,OH,1F,01,27
21,OH,1F,01,28
22,OH,1F,01,29
23,OH,1F,01,30
24,OH,1F,01,31
25,OH,1F,01,32
26,OH,1F,01,33
27,OH,1F,01,34
28,OH,1F,01,35
29,OH,1F,01,36
30,OH,1F,01,37
31,OH,1F,02,05
32,OH,1F,02,06
33,OH,1F,02,07
34,OH,1F,02,08
35,OH,1F,02,09
36,OH,1F,02,10
37,OH,1F,02,11
38,OH,1F,02,12
39,OH,1F,02,13
40,OH,1F,02,14
41,OH,1F,02,15
42,OH,1F,02,16
43,OH,1F,02,17
44,OH,1F,02,18
45,OH,1F,02,19
46,OH,1F,02,20
47,OH,1F,02,21
48,OH,1F,02,22
49,OH,1F,02,23
50,OH,1F,02,24
51,OH,1F,02,25
52,OH,1F,02,26
53,OH,1F,02,27
54,OH,1F,02,28
55,OH,1F,02,29
56,OH,1F,02,30
57,OH,1F,02,31
58,OH,1F,02,32
59,OH,1F,02,33
60,OH,1F,02,34
61,OH,1F,02,35
62,OH,1F,02,36
63,OH,1F,02,37
64,OH,1F,02,38
65,OH,1F,03,04
66,OH,1F,03,05
67,OH,1F,03,06
68,OH,1F,03,07
69,OH,1F,03,08
70,OH,1F,03,09
71,OH,1F,03,10
72,OH,1F,03,11
73,OH,1F,03,12
74,OH,1F,03,13
75,OH,1F,03,14
76,OH,1F,03,15
77,OH,1F,03,16
78,OH,1F,03,17
79,OH,1F,03,18
80,OH,1F,03,19
81,OH,1F,03,20
82,OH,1F,03,21
83,OH,1F,03,22
84,OH,1F,03,23
85,OH,1F,03,24
86,OH,1F,03,25
87,OH,1F,03,26
88,OH,1F,03,27
89,OH,1F,03,28
90,OH,1F,03,29
91,OH,1F,03,30
92,OH,1F,03,31
93,OH,1F,03,32
94,OH,1F,03,33
95,OH,1F,03,34
96,OH,1F,03,35
97,OH,1F,03,36
98,OH,1F,03,37
99,OH,1F,03,38
100,OH,1F,03,39
101,OH,1F,04,03
102,OH,1F,04,04
103,OH,1F,04,05
104,OH,1F,04,06
105,OH,1F,04,07
106,OH,1F,04,08
107,OH,1F,04,09
108,OH,1F,04,10
109,OH,1F,04,11
110,OH,1F,04,12
111,OH,1F,04,13
112,OH,1F,04,14
113,OH,1F,04,15
114,OH,1F,04,16
115,OH,1F,04,17
116,OH,1F,04,18
117,OH,1F,04,19
118,OH,1F,04,20
119,OH,1F,04,21
120,OH,1F,04,22
121,OH,1F,04,23
122,OH,1F,04,24
123,OH,1F,04,25
124,OH,1F,04,26
125,OH,1F,04,27
126,OH,1F,04,28
127,OH,1F,04,29
128,OH,1F,04,30
129,OH,1F,04,31
130,OH,1F,04,32
131,OH,1F,04,33
132,OH,1F,04,34
133,OH,1F,04,35
134,OH,1F,04,36
135,OH,1F,04,37
136,OH,1F,04,38
137,OH,1F,04,39
138,OH,1F,04,40
139,OH,1F,05,03
140,OH,1F,05,04
141,OH,1F,05,05
142,OH,1F,05,06
143,OH,1F,05,07
144,OH,1F,05,08
145,OH,1F,05,09
146,OH,1F,05,10
147,OH,1F,05,11
148,OH,1F,05,12
149,OH,1F,05,13
150,OH,1F,05,14
151,OH,1F,05,15
152,OH,1F,05,16
153,OH,1F,05,17
154,OH,1F,05,18
155,OH,1F,05,19
156,OH,1F,05,20
157,OH,1F,05,21
158,OH,1F,05,22
159,OH,1F,05,23
160,OH,1F,05,24
161,OH,1F,05,25
162,OH,1F,05,26
163,OH,1F,05,27
164,OH,1F,05,28
165,OH,1F,05,29
166,OH,1F,05,30
167,OH,1F,05,31
168,OH,1F,05,32
169,OH,1F,05,33
170,OH,1F,05,34
171,OH,1F,05,35
172,OH,1F,05,36
173,OH,1F,05,37
174,OH,1F,05,38
175,OH,1F,05,39
176,OH,1F,05,40
177,OH,1F,06,02
178,OH,1F,06,03
179,OH,1F,06,04
180,OH,1F,06,05
181,OH,1F,06,06
182,OH,1F,06,07
183,OH,1F,06,08
184,OH,1F,06,09
185,OH,1F,06,10
186,OH,1F,06,11
187,OH,1F,06,12
188,OH,1F,06,13
189,OH,1F,06,14
190,OH,1F,06,15
191,OH,1F,06,16
192,OH,1F,06,17
193,OH,1F,06,18
194,OH,1F,06,19
195,OH,1F,06,20
196,OH,1F,06,21
197,OH,1F,06,22
198,OH,1F,06,23
199,OH,1F,06,24
200,OH,1F,06,25
201,OH,1F,06,26
202,OH,1F,06,27
203,OH,1F,06,28
204,OH,1F,06,29
205,OH,1F,06,30
206,OH,1F,06,31
207,OH,1F,06,32
208,OH,1F,06,33
209,OH,1F,06,34
210,OH,1F,06,35
211,OH,1F,06,36
212,OH,1F,06,37
213,OH,1F,06,38
214,OH,1F,06,39
215,OH,1F,06,40
216,OH,1F,06,41
217,OH,1F,07,02
218,OH,1F,07,03
219,OH,1F,07,04
220,OH,1F,07,05
221,OH,1F,07,06
222,OH,1F,07,07
223,OH,1F,07,08
224,OH,1F,07,09
225,OH,1F,07,10
226,OH,1F,07,11
227,OH,1F,07,12
228,OH,1F,07,13
229,OH,1F,07,14
230,OH,1F,07,15
231,OH,1F,07,16
232,OH,1F,07,17
233,OH,1F,07,18
234,OH,1F,07,19
235,OH,1F,07,20
236,OH,1F,07,21
237,OH,1F,07,22
238,OH,1F,07,23
239,OH,1F,07,24
240,OH,1F,07,25
241,OH,1F,07,26
242,OH,1F,07,27
243,OH,1F,07,28
244,OH,1F,07,29
245,OH,1F,07,30
246,OH,1F,07,31
247,OH,1F,07,32
248,OH,1F,07,33
249,OH,1F,07,34
250,OH,1F,07,35
251,OH,1F,07,36
252,OH,1F,07,37
253,OH,1F,07,38
254,OH,1F,07,39
255,OH,1F,07,40
256,OH,1F,07,41
257,OH,1F,08,02
258,OH,1F,08,03
259,OH,1F,08,04
260,OH,1F,08,05
261,OH,1F,08,06
262,OH,1F,08,07
263,OH,1F,08,08
264,OH,1F,08,09
265,OH,1F,08,10
266,OH,1F,08,11
267,OH,1F,08,12
268,OH,1F,08,13
269,OH,1F,08,14
270,OH,1F,08,15
271,OH,1F,08,16
272,OH,1F,08,17
273,OH,1F,08,18
274,OH,1F,08,19
275,OH,1F,08,20
276,OH,1F,08,21
277,OH,1F,08,22
278,OH,1F,08,23
279,OH,1F,08,24
280,OH,1F,08,25
281,OH,1F,08,26
282,OH,1F,08,27
283,OH,1F,08,28
284,OH,1F,08,29
285,OH,1F,08,30
286,OH,1F,08,31
287,OH,1F,08,32
288,OH,1F,08,33
289,OH,1F,08,34
290,OH,1F,08,35
291,OH,1F,08,36
292,OH,1F,08,37
293,OH,1F,08,38
294,OH,1F,08,39
295,OH,1F,08,40
296,OH,1F,08,41
297,OH,1F,09,02
298,OH,1F,09,03
299,OH,1F,09,04
300,OH,1F,09,05
301,OH,1F,09,06
302,OH,1F,09,07
303,OH,1F,09,08
304,OH,1F,09,09
305,OH,1F,09,10
306,OH,1F,09,11
307,OH,1F,09,12
308,OH,1F,09,13
309,OH,1F,09,14
310,OH,1F,09,15
311,OH,1F,09,16
312,OH,1F,09,17
313,OH,1F,09,18
314,OH,1F,09,19
315,OH,1F,09,20
316,OH,1F,09,21
317,OH,1F,09,22
318,OH,1F,09,23
319,OH,1F,09,24
320,OH,1F,09,25
321,OH,1F,09,26
322,OH,1F,09,27
323,OH,1F,09,28
324,OH,1F,09,29
325,OH,1F,09,30
326,OH,1F,09,31
327,OH,1F,09,32
328,OH,1F,09,33
329,OH,1F,09,34
330,OH,1F,09,35
331,OH,1F,09,36
332,OH,1F,09,37
333,OH,1F,09,38
334,OH,1F,09,39
335,OH,1F,09,40
336,OH,1F,09,41
337,OH,1F,10,02
338,OH,1F,10,03
339,OH,1F,10,04
340,OH,1F,10,05
341,OH,1F,10,06
342,OH,1F,10,07
343,OH,1F,10,08
344,OH,1F,10,09
345,OH,1F,10,10
346,OH,1F,10,11
347,OH,1F,10,12
348,OH,1F,10,13
349,OH,1F,10,14
350,OH,1F,10,15
351,OH,1F,10,16
352,OH,1F,10,17
353,OH,1F,10,18
354,OH,1F,10,19
355,OH,1F,10,20
356,OH,1F,10,21
357,OH,1F,10,22
358,OH,1F,10,23
359,OH,1F,10,24
360,OH,1F,10,25
361,OH,1F,10,26
362,OH,1F,10,27
363,OH,1F,10,28
364,OH,1F,10,29
365,OH,1F,10,30
366,OH,1F,10,31
367,OH,1F,10,32
368,OH,1F,10,33
369,OH,1F,10,34
370,OH,1F,10,35
371,OH,1F,10,36
372,OH,1F,10,37
373,OH,1F,10,38
374,OH,1F,10,39
375,OH,1F,10,40
376,OH,1F,10,41
377,OH,1F,11,02
378,OH,1F,11,03
379,OH,1F,11,04
380,OH,1F,11,05
381,OH,1F,11,06
382,OH,1F,11,07
383,OH,1F,11,08
384,OH,1F,11,09
385,OH,1F,11,10
386,OH,1F,11,11
387,OH,1F,11,12
388,OH,1F,11,13
389,OH,1F,11,14
390,OH,1F,11,15
391,OH,1F,11,16
392,OH,1F,11,17
393,OH,1F,11,18
394,OH,1F,11,19
395,OH,1F,11,20
396,OH,1F,11,21
397,OH,1F,11,22
398,OH,1F,11,23
399,OH,1F,11,24
400,OH,1F,11,25
401,OH,1F,11,26
402,OH,1F,11,27
403,OH,1F,11,28
404,OH,1F,11,29
405,OH,1F,11,30
406,OH,1F,11,31
407,OH,1F,11,32
408,OH,1F,11,33
409,OH,1F,11,34
410,OH,1F,11,35
411,OH,1F,11,36
412,OH,1F,11,37
413,OH,1F,11,38
414,OH,1F,11,39
415,OH,1F,11,40
416,OH,1F,11,41
417,OH,1F,12,02
418,OH,1F,12,03
419,OH,1F,12,04
420,OH,1F,12,05
421,OH,1F,12,06
422,OH,1F,12,07
423,OH,1F,12,08
424,OH,1F,12,09
425,OH,1F,12,10
426,OH,1F,12,11
427,OH,1F,12,12
428,OH,1F,12,13
429,OH,1F,12,14
430,OH,1F,12,15
431,OH,1F,12,16
432,OH,1F,12,17
433,OH,1F,12,18
434,OH,1F,12,19
435,OH,1F,12,20
436,OH,1F,12,21
437,OH,1F,12,22
438,OH,1F,12,23
439,OH,1F,12,24
440,OH,1F,12,25
441,OH,1F,12,26
442,OH,1F,12,27
443,OH,1F,12,28
444,OH,1F,12,29
445,OH,1F,12,30
446,OH,1F,12,31
447,OH,1F,12,32
448,OH,1F,12,33
449,OH,1F,12,34
450,OH,1F,12,35
451,OH,1F,12,36
452,OH,1F,12,37
453,OH,1F,12,38
454,OH,1F,12,39
455,OH,1F,12,40
456,OH,1F,12,41
457,OH,1F,13,02
458,OH,1F,13,03
459,OH,1F,13,04
460,OH,1F,13,05
461,OH,1F,13,06
462,OH,1F,13,07
463,OH,1F,13,08
464,OH,1F,13,09
465,OH,1F,13,10
466,OH,1F,13,11
467,OH,1F,13,12
468,OH,1F,13,13
469,OH,1F,13,14
470,OH,1F,13,15
471,OH,1F,13,16
472,OH,1F,13,17
473,OH,1F,13,18
474,OH,1F,13,19
475,OH,1F,13,20
476,OH,1F,13,21
477,OH,1F,13,22
478,OH,1F,13,23
479,OH,1F,13,24
480,OH,1F,13,25
481,OH,1F,13,26
482,OH,1F,13,27
483,OH,1F,13,28
484,OH,1F,13,29
485,OH,1F,13,30
486,OH,1F,13,31
487,OH,1F,13,32
488,OH,1F,13,33
489,OH,1F,13,34
490,OH,1F,13,35
491,OH,1F,13,36
492,OH,1F,13,37
493,OH,1F,13,38
494,OH,1F,13,39
495,OH,1F,13,40
496,OH,1F,13,41
497,OH,1F,14,02
498,OH,1F,14,03
499,OH,1F,14,04
500,OH,1F,14,05
501,OH,1F,14,06
502,OH,1F,14,07
503,OH,1F,14,08
504,OH,1F,14,09
505,OH,1F,14,10
506,OH,1F,14,11
507,OH,1F,14,12
508,OH,1F,14,13
509,OH,1F,14,14
510,OH,1F,14,15
511,OH,1F,14,16
512,OH,1F,14,17
513,OH,1F,14,18
514,OH,1F,14,19
515,OH,1F,14,20
516,OH,1F,14,21
517,OH,1F,14,22
518,OH,1F,14,23
519,OH,1F,14,24
520,OH,1F,14,25
521,OH,1F,14,26
522,OH,1F,14,27
523,OH,1F,14,28
524,OH,1F,14,29
525,OH,1F,14,30
526,OH,1F,14,31
527,OH,1F,14,32
528,OH,1F,14,33
529,OH,1F,14,34
530,OH,1F,14,35
531,OH,1F,14,36
532,OH,1F,14,37
533,OH,1F,14,38
534,OH,1F,14,39
535,OH,1F,14,40
536,OH,1F,14,41
537,OH,1F,15,02
538,OH,1F,15,03
539,OH,1F,15,04
540,OH,1F,15,05
541,OH,1F,15,06
542,OH,1F,15,07
543,OH,1F,15,08
544,OH,1F,15,09
545,OH,1F,15,10
546,OH,1F,15,11
547,OH,1F,15,12
548,OH,1F,15,13
549,OH,1F,15,14
550,OH,1F,15,15
551,OH,1F,15,16
552,OH,1F,15,17
553,OH,1F,15,18
554,OH,1F,15,19
555,OH,1F,15,20
556,OH,1F,15,21
557,OH,1F,15,22
558,OH,1F,15,23
559,OH,1F,15,24
560,OH,1F,15,25
561,OH,1F,15,26
562,OH,1F,15,27
563,OH,1F,15,28
564,OH,1F,15,29
565,OH,1F,15,30
566,OH,1F,15,31
567,OH,1F,15,32
568,OH,1F,15,33
569,OH,1F,15,34
570,OH,1F,15,35
571,OH,1F,15,36
572,OH,1F,15,37
573,OH,1F,15,38
574,OH,1F,15,39
575,OH,1F,15,40
576,OH,1F,15,41
577,OH,1F,16,01
578,OH,1F,16,02
579,OH,1F,16,03
580,OH,1F,16,04
581,OH,1F,16,05
582,OH,1F,16,06
583,OH,1F,16,07
584,OH,1F,16,08
585,OH,1F,16,09
586,OH,1F,16,10
587,OH,1F,16,11
588,OH,1F,16,12
589,OH,1F,16,13
590,OH,1F,16,14
591,OH,1F,16,15
592,OH,1F,16,16
593,OH,1F,16,17
594,OH,1F,16,18
595,OH,1F,16,19
596,OH,1F,16,20
597,OH,1F,16,21
598,OH,1F,16,22
599,OH,1F,16,23
600,OH,1F,16,24
601,OH,1F,16,25
602,OH,1F,16,26
603,OH,1F,16,27
604,OH,1F,16,28
605,OH,1F,16,29
606,OH,1F,16,30
607,OH,1F,16,31
608,OH,1F,16,32
609,OH,1F,16,33
610,OH,1F,16,34
611,OH,1F,16,35
612,OH,1F,16,36
613,OH,1F,16,37
614,OH,1F,16,38
615,OH,1F,16,39
616,OH,1F,16,40
617,OH,1F,16,41
618,OH,1F,16,42
619,OH,1F,17,01
620,OH,1F,17,02
621,OH,1F,17,03
622,OH,1F,17,04
623,OH,1F,17,05
624,OH,1F,17,06
625,OH,1F,17,07
626,OH,1F,17,08
627,OH,1F,17,09
628,OH,1F,17,10
629,OH,1F,17,11
630,OH,1F,17,12
631,OH,1F,17,13
632,OH,1F,17,14
633,OH,1F,17,15
634,OH,1F,17,16
635,OH,1F,17,17
636,OH,1F,17,18
637,OH,1F,17,19
638,OH,1F,17,20
639,OH,1F,17,21
640,OH,1F,17,22
641,OH,1F,17,23
642,OH,1F,17,24
643,OH,1F,17,25
644,OH,1F,17,26
645,OH,1F,17,27
646,OH,1F,17,28
647,OH,1F,17,29
648,OH,1F,17,30
649,OH,1F,17,31
650,OH,1F,17,32
651,OH,1F,17,33
652,OH,1F,17,34
653,OH,1F,17,35
654,OH,1F,17,36
655,OH,1F,17,37
656,OH,1F,17,38
657,OH,1F,17,39
658,OH,1F,17,40
659,OH,1F,17,41
660,OH,1F,17,42
661,OH,1F,18,01
662,OH,1F,18,02
663,OH,1F,18,03
664,OH,1F,18,04
665,OH,1F,18,05
666,OH,1F,18,06
667,OH,1F,18,07
668,OH,1F,18,08
669,OH,1F,18,09
670,OH,1F,18,10
671,OH,1F,18,11
672,OH,1F,18,12
673,OH,1F,18,13
674,OH,1F,18,14
675,OH,1F,18,15
676,OH,1F,18,16
677,OH,1F,18,17
678,OH,1F,18,18
679,OH,1F,18,19
680,OH,1F,18,20
681,OH,1F,18,21
682,OH,1F,18,22
683,OH,1F,18,23
684,OH,1F,18,24
685,OH,1F,18,25
686,OH,1F,18,26
687,OH,1F,18,27
688,OH,1F,18,28
689,OH,1F,18,29
690,OH,1F,18,30
691,OH,1F,18,31
692,OH,1F,18,32
693,OH,1F,18,33
694,OH,1F,18,34
695,OH,1F,18,35
696,OH,1F,18,36
697,OH,1F,18,37
698,OH,1F,18,38
699,OH,1F,18,39
700,OH,1F,18,40
701,OH,1F,18,41
702,OH,1F,18,42
703,OH,1F,19,01
704,OH,1F,19,02
705,OH,1F,19,03
706,OH,1F,19,04
707,OH,1F,19,05
708,OH,1F,19,06
709,OH,1F,19,07
710,OH,1F,19,08
711,OH,1F,19,09
712,OH,1F,19,10
713,OH,1F,19,11
714,OH,1F,19,12
715,OH,1F,19,13
716,OH,1F,19,14
717,OH,1F,19,15
718,OH,1F,19,16
719,OH,1F,19,17
720,OH,1F,19,18
721,OH,1F,19,19
722,OH,1F,19,20
723,OH,1F,19,21
724,OH,1F,19,22
725,OH,1F,19,23
726,OH,1F,19,24
727,OH,1F,19,25
728,OH,1F,19,26
729,OH,1F,19,27
730,OH,1F,19,28
731,OH,1F,19,29
732,OH,1F,19,30
733,OH,1F,19,31
734,OH,1F,19,32
735,OH,1F,19,33
736,OH,1F,19,34
737,OH,1F,19,35
738,OH,1F,19,36
739,OH,1F,19,37
740,OH,1F,19,38
741,OH,1F,19,39
742,OH,1F,19,40
743,OH,1F,19,41
744,OH,1F,19,42
745,OH,1F,20,01
746,OH,1F,20,02
747,OH,1F,20,03
748,OH,1F,20,04
749,OH,1F,20,05
750,OH,1F,20,06
751,OH,1F,20,07
752,OH,1F,20,08
753,OH,1F,20,09
754,OH,1F,20,10
755,OH,1F,20,11
756,OH,1F,20,12
757,OH,1F,20,13
758,OH,1F,20,14
759,OH,1F,20,15
760,OH,1F,20,16
761,OH,1F,20,17
762,OH,1F,20,18
763,OH,1F,20,19
764,OH,1F,20,20
765,OH,1F,20,21
766,OH,1F,20,22
767,OH,1F,20,23
768,OH,1F,20,24
769,OH,1F,20,25
770,OH,1F,20,26
771,OH,1F,20,27
772,OH,1F,20,28
773,OH,1F,20,29
774,OH,1F,20,30
775,OH,1F,20,31
776,OH,1F,20,32
777,OH,1F,20,33
778,OH,1F,20,34
779,OH,1F,20,35
780,OH,1F,20,36
781,OH,1F,20,37
782,OH,1F,20,38
783,OH,1F,20,39
784,OH,1F,20,40
785,OH,1F,20,41
786,OH,1F,20,42
787,OH,1F,21,01
788,OH,1F,21,02
789,OH,1F,21,03
790,OH,1F,21,04
791,OH,1F,21,05
792,OH,1F,21,06
793,OH,1F,21,07
794,OH,1F,21,08
795,OH,1F,21,09
796,OH,1F,21,10
797,OH,1F,21,11
798,OH,1F,21,12
799,OH,1F,21,13
800,OH,1F,21,14
801,OH,1F,21,15
802,OH,1F,21,16
803,OH,1F,21,17
804,OH,1F,21,18
805,OH,1F,21,19
806,OH,1F,21,20
807,OH,1F,21,21
808,OH,1F,21,22
809,OH,1F,21,23
810,OH,1F,21,24
811,OH,1F,21,25
812,OH,1F,21,26
813,OH,1F,21,27
814,OH,1F,21,28
815,OH,1F,21,29
816,OH,1F,21,30
817,OH,1F,21,31
818,OH,1F,21,32
819,OH,1F,21,33
820,OH,1F,21,34
821,OH,1F,21,35
822,OH,1F,21,36
823,OH,1F,21,37
824,OH,1F,21,38
825,OH,1F,21,39
826,OH,1F,21,40
827,OH,1F,21,41
828,OH,1F,21,42
829,OH,1F,22,03
830,OH,1F,22,04
831,OH,1F,22,05
832,OH,1F,22,06
833,OH,1F,22,07
834,OH,1F,22,08
835,OH,1F,22,09
836,OH,1F,22,10
837,OH,1F,22,11
838,OH,1F,22,12
839,OH,1F,22,13
840,OH,1F,22,14
841,OH,1F,22,15
842,OH,1F,22,16
843,OH,1F,22,17
844,OH,1F,22,18
845,OH,1F,22,19
846,OH,1F,22,20
847,OH,1F,22,21
848,OH,1F,22,22
849,OH,1F,22,23
850,OH,1F,22,24
851,OH,1F,22,25
852,OH,1F,22,26
853,OH,1F,22,27
854,OH,1F,22,28
855,OH,1F,22,29
856,OH,1F,22,30
857,OH,1F,22,31
858,OH,1F,22,32
859,OH,1F,22,33
860,OH,1F,22,34
861,OH,1F,22,35
862,OH,1F,22,36
863,OH,1F,22,37
864,OH,1F,22,38
865,OH,1F,22,39
866,OH,1F,22,40
867,OH,2F,L1,01
868,OH,2F,L1,02
869,OH,2F,L1,03
870,OH,2F,L1,04
871,OH,2F,L1,05
872,OH,2F,L1,06
873,OH,2F,L1,07
874,OH,2F,L1,08
875,OH,2F,L1,09
876,OH,2F,L1,10
877,OH,2F,L1,11
878,OH,2F,L2,04
879,OH,2F,L2,05
880,OH,2F,L3,03
881,OH,2F,L3,04
882,OH,2F,L3,05
883,OH,2F,L4,03
884,OH,2F,L4,04
885,OH,2F,L4,05
886,OH,2F,L5,02
887,OH,2F,L5,03
888,OH,2F,L5,04
889,OH,2F,L5,05
890,OH,2F,L6,02
891,OH,2F,L6,03
892,OH,2F,L6,04
893,OH,2F,L6,05
894,OH,2F,L7,01
895,OH,2F,L7,02
896,OH,2F,L7,03
897,OH,2F,L7,04
898,OH,2F,L7,05
899,OH,2F,L8,01
900,OH,2F,L8,02
901,OH,2F,L8,03
902,OH,2F,L8,04
903,OH,2F,L8,05
904,OH,2F,L9,01
905,OH,2F,L9,02
906,OH,2F,L9,03
907,OH,2F,L9,04
908,OH,2F,L9,05
909,OH,2F,L10,01
910,OH,2F,L10,02
911,OH,2F,L10,03
912,OH,2F,L10,04
913,OH,2F,L10,05
914,OH,2F,L11,01
915,OH,2F,L11,02
916,OH,2F,L11,03
917,OH,2F,L11,04
918,OH,2F,L11,05
919,OH,2F,L12,01
920,OH,2F,L12,02
921,OH,2F,L12,03
922,OH,2F,L12,04
923,OH,2F,L12,05
924,OH,2F,R1,01
925,OH,2F,R1,02
926,OH,2F,R1,03
927,OH,2F,R1,04
928,OH,2F,R1,05
929,OH,2F,R1,06
930,OH,2F,R1,07
931,OH,2F,R1,08
932,OH,2F,R1,09
933,OH,2F,R1,10
934,OH,2F,R1,11
935,OH,2F,R2,01
936,OH,2F,R2,02
937,OH,2F,R3,01
938,OH,2F,R3,02
939,OH,2F,R3,03
940,OH,2F,R4,01
941,OH,2F,R4,02
942,OH,2F,R4,03
943,OH,2F,R5,01
944,OH,2F,R5,02
945,OH,2F,R5,03
946,OH,2F,R5,04
947,OH,2F,R6,01
948,OH,2F,R6,02
949,OH,2F,R6,03
950,OH,2F,R6,04
951,OH,2F,R7,01
952,OH,2F,R7,02
953,OH,2F,R7,03
954,OH,2F,R7,04
955,OH,2F,R7,05
956,OH,2F,R8,01
957,OH,2F,R8,02
958,OH,2F,R8,03
959,OH,2F,R8,04
960,OH,2F,R8,05
961,OH,2F,R9,01
962,OH,2F,R9,02
963,OH,2F,R9,03
964,OH,2F,R9,04
965,OH,2F,R9,05
966,OH,2F,R10,01
967,OH,2F,R10,02
968,OH,2F,R10,03
969,OH,2F,R10,04
970,OH,2F,R10,05
971,OH,2F,R11,01
972,OH,2F,R11,02
973,OH,2F,R11,03
974,OH,2F,R11,04
975,OH,2F,R11,05
976,OH,2F,R12,01
977,OH,2F,R12,02
978,OH,2F,R12,03
979,OH,2F,R12,04
980,OH,2F,R12,05
981,OH,2F,01,01
982,OH,2F,01,02
983,OH,2F,01,03
984,OH,2F,01,04
985,OH,2F,01,05
986,OH,2F,01,06
987,OH,2F,01,07
988,OH,2F,01,08
989,OH,2F,01,09
990,OH,2F,01,10
991,OH,2F,01,11
992,OH,2F,01,12
993,OH,2F,01,13
994,OH,2F,01,14
995,OH,2F,01,15
996,OH,2F,01,16
997,OH,2F,01,17
998,OH,2F,01,18
999,OH,2F,01,19
1000,OH,2F,01,20
1001,OH,2F,01,21
1002,OH,2F,01,22
1003,OH,2F,01,23
1004,OH,2F,01,24
1005,OH,2F,01,25
1006,OH,2F,01,26
1007,OH,2F,01,27
1008,OH,2F,01,28
1009,OH,2F,01,29
1010,OH,2F,01,30
1011,OH,2F,01,31
1012,OH,2F,01,32
1013,OH,2F,01,33
1014,OH,2F,01,34
1015,OH,2F,01,35
1016,OH,2F,01,36
1017,OH,2F,01,37
1018,OH,2F,01,38
1019,OH,2F,01,39
1020,OH,2F,01,40
1021,OH,2F,01,41
1022,OH,2F,01,42
1023,OH,2F,01,43
1024,OH,2F,01,44
1025,OH,2F,01,45
1026,OH,2F,01,46
1027,OH,2F,01,47
1028,OH,2F,01,48
1029,OH,2F,02,01
1030,OH,2F,02,02
1031,OH,2F,02,03
1032,OH,2F,02,04
1033,OH,2F,02,05
1034,OH,2F,02,06
1035,OH,2F,02,07
1036,OH,2F,02,08
1037,OH,2F,02,09
1038,OH,2F,02,10
1039,OH,2F,02,11
1040,OH,2F,02,12
1041,OH,2F,02,13
1042,OH,2F,02,14
1043,OH,2F,02,15
1044,OH,2F,02,16
1045,OH,2F,02,17
1046,OH,2F,02,18
1047,OH,2F,02,19
1048,OH,2F,02,20
1049,OH,2F,02,21
1050,OH,2F,02,22
1051,OH,2F,02,23
1052,OH,2F,02,24
1053,OH,2F,02,25
1054,OH,2F,02,26
1055,OH,2F,02,27
1056,OH,2F,02,28
1057,OH,2F,02,29
1058,OH,2F,02,30
1059,OH,2F,02,31
1060,OH,2F,02,32
1061,OH,2F,02,33
1062,OH,2F,02,34
1063,OH,2F,02,35
1064,OH,2F,02,36
1065,OH,2F,02,37
1066,OH,2F,02,38
1067,OH,2F,02,39
1068,OH,2F,02,40
1069,OH,2F,02,41
1070,OH,2F,02,42
1071,OH,2F,02,43
1072,OH,2F,02,44
1073,OH,2F,02,45
1074,OH,2F,02,46
1075,OH,2F,02,47
1076,OH,2F,02,48
1077,OH,2F,03,01
1078,OH,2F,03,02
1079,OH,2F,03,03
1080,OH,2F,03,04
1081,OH,2F,03,05
1082,OH,2F,03,06
1083,OH,2F,03,07
1084,OH,2F,03,08
1085,OH,2F,03,09
1086,OH,2F,03,10
1087,OH,2F,03,11
1088,OH,2F,03,12
1089,OH,2F,03,13
1090,OH,2F,03,14
1091,OH,2F,03,15
1092,OH,2F,03,16
1093,OH,2F,03,17
1094,OH,2F,03,18
1095,OH,2F,03,19
1096,OH,2F,03,20
1097,OH,2F,03,21
1098,OH,2F,03,22
1099,OH,2F,03,23
1100,OH,2F,03,24
1101,OH,2F,03,25
1102,OH,2F,03,26
1103,OH,2F,03,27
1104,OH,2F,03,28
1105,OH,2F,03,29
1106,OH,2F,03,30
1107,OH,2F,03,31
1108,OH,2F,03,32
1109,OH,2F,03,33
1110,OH,2F,03,34
1111,OH,2F,03,35
1112,OH,2F,03,36
1113,OH,2F,03,37
1114,OH,2F,03,38
1115,OH,2F,03,39
1116,OH,2F,03,40
1117,OH,2F,03,41
1118,OH,2F,03,42
1119,OH,2F,03,43
1120,OH,2F,03,44
1121,OH,2F,03,45
1122,OH,2F,03,46
1123,OH,2F,03,47
1124,OH,2F,03,48
1125,OH,2F,04,01
1126,OH,2F,04,02
1127,OH,2F,04,03
1128,OH,2F,04,04
1129,OH,2F,04,05
1130,OH,2F,04,06
1131,OH,2F,04,07
1132,OH,2F,04,08
1133,OH,2F,04,09
1134,OH,2F,04,10
1135,OH,2F,04,11
1136,OH,2F,04,12
1137,OH,2F,04,13
1138,OH,2F,04,14
1139,OH,2F,04,15
1140,OH,2F,04,16
1141,OH,2F,04,17
1142,OH,2F,04,18
1143,OH,2F,04,19
1144,OH,2F,04,20
1145,OH,2F,04,21
1146,OH,2F,04,22
1147,OH,2F,04,23
1148,OH,2F,04,24
1149,OH,2F,04,25
1150,OH,2F,04,26
1151,OH,2F,04,27
1152,OH,2F,04,28
1153,OH,2F,04,29
1154,OH,2F,04,30
1155,OH,2F,04,31
1156,OH,2F,04,32
1157,OH,2F,04,33
1158,OH,2F,04,34
1159,OH,2F,04,35
1160,OH,2F,04,36
1161,OH,2F,04,37
1162,OH,2F,04,38
1163,OH,2F,04,39
1164,OH,2F,04,40
1165,OH,2F,04,41
1166,OH,2F,04,42
1167,OH,2F,04,43
1168,OH,2F,04,44
1169,OH,2F,04,45
1170,OH,2F,04,46
1171,OH,2F,04,47
1172,OH,2F,04,48
1173,OH,2F,05,01
1174,OH,2F,05,02
1175,OH,2F,05,03
1176,OH,2F,05,04
1177,OH,2F,05,05
1178,OH,2F,05,06
1179,OH,2F,05,07
1180,OH,2F,05,08
1181,OH,2F,05,09
1182,OH,2F,05,10
1183,OH,2F,05,11
1184,OH,2F,05,12
1185,OH,2F,05,13
1186,OH,2F,05,14
1187,OH,2F,05,15
1188,OH,2F,05,16
1189,OH,2F,05,17
1190,OH,2F,05,18
1191,OH,2F,05,19
1192,OH,2F,05,20
1193,OH,2F,05,21
1194,OH,2F,05,22
1195,OH,2F,05,23
1196,OH,2F,05,24
1197,OH,2F,05,25
1198,OH,2F,05,26
1199,OH,2F,05,27
1200,OH,2F,05,28
1201,OH,2F,05,29
1202,OH,2F,05,30
1203,OH,2F,05,31
1204,OH,2F,05,32
1205,OH,2F,05,33
1206,OH,2F,05,34
1207,OH,2F,05,35
1208,OH,2F,05,36
1209,OH,2F,05,37
1210,OH,2F,05,38
1211,OH,2F,05,39
1212,OH,2F,05,40
1213,OH,2F,05,41
1214,OH,2F,05,42
1215,OH,2F,05,43
1216,OH,2F,05,44
1217,OH,2F,05,45
1218,OH,2F,05,46
1219,OH,2F,05,47
1220,OH,2F,05,48
1221,OH,3F,L1,01
1222,OH,3F,L1,02
1223,OH,3F,L1,03
1224,OH,3F,L1,04
1225,OH,3F,L1,05
1226,OH,3F,L1,06
1227,OH,3F,L1,07
1228,OH,3F,L1,08
1229,OH,3F,L1,09
1230,OH,3F,L2,04
1231,OH,3F,L2,05
1232,OH,3F,L3,04
1233,OH,3F,L3,05
1234,OH,3F,L4,03
1235,OH,3F,L4,04
1236,OH,3F,L4,05
1237,OH,3F,L5,03
1238,OH,3F,L5,04
1239,OH,3F,L5,05
1240,OH,3F,L6,02
1241,OH,3F,L6,03
1242,OH,3F,L6,04
1243,OH,3F,L6,05
1244,OH,3F,L7,02
1245,OH,3F,L7,03
1246,OH,3F,L7,04
1247,OH,3F,L7,05
1248,OH,3F,L8,01
1249,OH,3F,L8,02
1250,OH,3F,L8,03
1251,OH,3F,L8,04
1252,OH,3F,L8,05
1253,OH,3F,L9,01
1254,OH,3F,L9,02
1255,OH,3F,L9,03
1256,OH,3F,L9,04
1257,OH,3F,L9,05
1258,OH,3F,L10,01
1259,OH,3F,L10,02
1260,OH,3F,L10,03
1261,OH,3F,L10,04
1262,OH,3F,L10,05
1263,OH,3F,R1,01
1264,OH,3F,R1,02
1265,OH,3F,R1,03
1266,OH,3F,R1,04
1267,OH,3F,R1,05
1268,OH,3F,R1,06
1269,OH,3F,R1,07
1270,OH,3F,R1,08
1271,OH,3F,R1,09
1272,OH,3F,R2,01
1273,OH,3F,R2,02
1274,OH,3F,R3,01
1275,OH,3F,R3,02
1276,OH,3F,R4,01
1277,OH,3F,R4,02
1278,OH,3F,R4,03
1279,OH,3F,R5,01
1280,OH,3F,R5,02
1281,OH,3F,R5,03
1282,OH,3F,R6,01
1283,OH,3F,R6,02
1284,OH,3F,R6,03
1285,OH,3F,R6,04
1286,OH,3F,R7,01
1287,OH,3F,R7,02
1288,OH,3F,R7,03
1289,OH,3F,R7,04
1290,OH,3F,R8,01
1291,OH,3F,R8,02
1292,OH,3F,R8,03
1293,OH,3F,R8,04
1294,OH,3F,R8,05
1295,OH,3F,R9,01
1296,OH,3F,R9,02
1297,OH,3F,R9,03
1298,OH,3F,R9,04
1299,OH,3F,R9,05
1300,OH,3F,R10,01
1301,OH,3F,R10,02
1302,OH,3F,R10,03
1303,OH,3F,R10,04
1304,OH,3F,R10,05
1305,OH,3F,01,01
1306,OH,3F,01,02
1307,OH,3F,01,03
1308,OH,3F,01,04
1309,OH,3F,01,05
1310,OH,3F,01,06
1311,OH,3F,01,07
1312,OH,3F,01,08
1313,OH,3F,01,09
1314,OH,3F,01,10
1315,OH,3F,01,11
1316,OH,3F,01,12
1317,OH,3F,01,13
1318,OH,3F,01,14
1319,OH,3F,01,15
1320,OH,3F,01,16
1321,OH,3F,01,17
1322,OH,3F,01,18
1323,OH,3F,01,19
1324,OH,3F,01,20
1325,OH,3F,01,21
1326,OH,3F,01,22
1327,OH,3F,01,23
1328,OH,3F,01,24
1329,OH,3F,01,25
1330,OH,3F,01,26
1331,OH,3F,01,27
1332,OH,3F,01,28
1333,OH,3F,01,29
1334,OH,3F,01,30
1335,OH,3F,01,31
1336,OH,3F,01,32
1337,OH,3F,01,33
1338,OH,3F,01,34
1339,OH,3F,01,35
1340,OH,3F,01,36
1341,OH,3F,01,37
1342,OH,3F,01,38
1343,OH,3F,01,39
1344,OH,3F,01,40
1345,OH,3F,01,41
1346,OH,3F,01,42
1347,OH,3F,01,43
1348,OH,3F,01,44
1349,OH,3F,01,45
1350,OH,3F,01,46
1351,OH,3F,01,47
1352,OH,3F,01,48
1353,OH,3F,01,49
1354,OH,3F,01,50
1355,OH,3F,01,51
1356,OH,3F,01,52
1357,OH,3F,02,01
1358,OH,3F,02,02
1359,OH,3F,02,03
1360,OH,3F,02,04
1361,OH,3F,02,05
1362,OH,3F,02,06
1363,OH,3F,02,07
1364,OH,3F,02,08
1365,OH,3F,02,09
1366,OH,3F,02,10
1367,OH,3F,02,11
1368,OH,3F,02,12
1369,OH,3F,02,13
1370,OH,3F,02,14
1371,OH,3F,02,15
1372,OH,3F,02,16
1373,OH,3F,02,17
1374,OH,3F,02,18
1375,OH,3F,02,19
1376,OH,3F,02,20
1377,OH,3F,02,21
1378,OH,3F,02,22
1379,OH,3F,02,23
1380,OH,3F,02,24
1381,OH,3F,02,25
1382,OH,3F,02,26
1383,OH,3F,02,27
1384,OH,3F,02,28
1385,OH,3F,02,29
1386,OH,3F,02,30
1387,OH,3F,02,31
1388,OH,3F,02,32
1389,OH,3F,02,33
1390,OH,3F,02,34
1391,OH,3F,02,35
1392,OH,3F,02,36
1393,OH,3F,02,37
1394,OH,3F,02,38
1395,OH,3F,02,39
1396,OH,3F,02,40
1397,OH,3F,02,41
1398,OH,3F,02,42
1399,OH,3F,02,43
1400,OH,3F,02,44
1401,OH,3F,02,45
1402,OH,3F,02,46
1403,OH,3F,02,47
1404,OH,3F,02,48
1405,OH,3F,02,49
1406,OH,3F,02,50
1407,OH,3F,02,51
1408,OH,3F,02,52
1409,OH,3F,03,01
1410,OH,3F,03,02
1411,OH,3F,03,03
1412,OH,3F,03,04
1413,OH,3F,03,05
1414,OH,3F,03,06
1415,OH,3F,03,07
1416,OH,3F,03,08
1417,OH,3F,03,09
1418,OH,3F,03,10
1419,OH,3F,03,11
1420,OH,3F,03,12
1421,OH,3F,03,13
1422,OH,3F,03,14
1423,OH,3F,03,15
1424,OH,3F,03,16
1425,OH,3F,03,17
1426,OH,3F,03,18
1427,OH,3F,03,19
1428,OH,3F,03,20
1429,OH,3F,03,21
1430,OH,3F,03,22
1431,OH,3F,03,23
1432,OH,3F,03,24
1433,OH,3F,03,25
1434,OH,3F,03,26
1435,OH,3F,03,27
1436,OH,3F,03,28
1437,OH,3F,03,29
1438,OH,3F,03,30
1439,OH,3F,03,31
1440,OH,3F,03,32
1441,OH,3F,03,33
1442,OH,3F,03,34
1443,OH,3F,03,35
1444,OH,3F,03,36
1445,OH,3F,03,37
1446,OH,3F,03,38
1447,OH,3F,03,39
1448,OH,3F,03,40
1449,OH,3F,03,41
1450,OH,3F,03,42
1451,OH,3F,03,43
1452,OH,3F,03,44
1453,OH,3F,03,45
1454,OH,3F,03,46
1455,OH,3F,03,47
1456,OH,3F,03,48
1457,OH,3F,03,49
1458,OH,3F,03,50
1459,OH,3F,03,51
1460,OH,3F,03,52
1461,OH,3F,04,01
1462,OH,3F,04,02
1463,OH,3F,04,03
1464,OH,3F,04,04
1465,OH,3F,04,05
1466,OH,3F,04,06
1467,OH,3F,04,07
1468,OH,3F,04,08
1469,OH,3F,04,09
1470,OH,3F,04,10
1471,OH,3F,04,11
1472,OH,3F,04,12
1473,OH,3F,04,13
1474,OH,3F,04,14
1475,OH,3F,04,15
1476,OH,3F,04,16
1477,OH,3F,04,17
1478,OH,3F,04,18
1479,OH,3F,04,19
1480,OH,3F,04,20
1481,OH,3F,04,21
1482,OH,3F,04,22
1483,OH,3F,04,23
1484,OH,3F,04,24
1485,OH,3F,04,25
1486,OH,3F,04,26
1487,OH,3F,04,27
1488,OH,3F,04,28
1489,OH,3F,04,29
1490,OH,3F,04,30
1491,OH,3F,04,31
1492,OH,3F,04,32
1493,OH,3F,04,33
1494,OH,3F,04,34
1495,OH,3F,04,35
1496,OH,3F,04,36
1497,OH,3F,04,37
1498,OH,3F,04,38
1499,OH,3F,04,39
1500,OH,3F,04,40
1501,OH,3F,04,41
1502,OH,3F,04,42
1503,OH,3F,04,43
1504,OH,3F,04,44
1505,OH,3F,04,45
1506,OH,3F,04,46
1507,OH,3F,04,47
1508,OH,3F,04,48
1509,OH,3F,04,49
1510,OH,3F,04,50
1511,OH,3F,04,51
1512,OH,3F,04,52
1513,OH,4F,L1,01
1514,OH,4F,L1,02
1515,OH,4F,L1,03
1516,OH,4F,L1,04
1517,OH,4F,L1,05
1518,OH,4F,L1,06
1519,OH,4F,L1,07
1520,OH,4F,L1,08
1521,OH,4F,L1,09
1522,OH,4F,L1,10
1523,OH,4F,L1,11
1524,OH,4F,L2,04
1525,OH,4F,L2,05
1526,OH,4F,L3,03
1527,OH,4F,L3,04
1528,OH,4F,L3,05
1529,OH,4F,L4,03
1530,OH,4F,L4,04
1531,OH,4F,L4,05
1532,OH,4F,L5,02
1533,OH,4F,L5,03
1534,OH,4F,L5,04
1535,OH,4F,L5,05
1536,OH,4F,L6,02
1537,OH,4F,L6,03
1538,OH,4F,L6,04
1539,OH,4F,L6,05
1540,OH,4F,L7,01
1541,OH,4F,L7,02
1542,OH,4F,L7,03
1543,OH,4F,L7,04
1544,OH,4F,L7,05
1545,OH,4F,L8,01
1546,OH,4F,L8,02
1547,OH,4F,L8,03
1548,OH,4F,L8,04
1549,OH,4F,L8,05
1550,OH,4F,R1,01
1551,OH,4F,R1,02
1552,OH,4F,R1,03
1553,OH,4F,R1,04
1554,OH,4F,R1,05
1555,OH,4F,R1,06
1556,OH,4F,R1,07
1557,OH,4F,R1,08
1558,OH,4F,R1,09
1559,OH,4F,R1,10
1560,OH,4F,R1,11
1561,OH,4F,R2,01
1562,OH,4F,R2,02
1563,OH,4F,R3,01
1564,OH,4F,R3,02
1565,OH,4F,R3,03
1566,OH,4F,R4,01
1567,OH,4F,R4,02
1568,OH,4F,R4,03
1569,OH,4F,R5,01
1570,OH,4F,R5,02
1571,OH,4F,R5,03
1572,OH,4F,R5,04
1573,OH,4F,R6,01
1574,OH,4F,R6,02
1575,OH,4F,R6,03
1576,OH,4F,R6,04
1577,OH,4F,R7,01
1578,OH,4F,R7,02
1579,OH,4F,R7,03
1580,OH,4F,R7,04
1581,OH,4F,R7,05
1582,OH,4F,R8,01
1583,OH,4F,R8,02
1584,OH,4F,R8,03
1585,OH,4F,R8,04
1586,OH,4F,R8,05
1587,OH,4F,01,03
1588,OH,4F,01,04
1589,OH,4F,01,05
1590,OH,4F,01,06
1591,OH,4F,01,07
1592,OH,4F,01,08
1593,OH,4F,01,09
1594,OH,4F,01,10
1595,OH,4F,01,11
1596,OH,4F,01,12
1597,OH,4F,01,13
1598,OH,4F,01,14
1599,OH,4F,01,15
1600,OH,4F,01,16
1601,OH,4F,01,17
1602,OH,4F,01,18
1603,OH,4F,01,19
1604,OH,4F,01,20
1605,OH,4F,01,21
1606,OH,4F,01,22
1607,OH,4F,01,23
1608,OH,4F,01,24
1609,OH,4F,01,25
1610,OH,4F,01,26
1611,OH,4F,01,27
1612,OH,4F,01,28
1613,OH,4F,01,29
1614,OH,4F,01,30
1615,OH,4F,01,31
1616,OH,4F,01,32
1617,OH,4F,01,33
1618,OH,4F,01,34
1619,OH,4F,01,35
1620,OH,4F,01,36
1621,OH,4F,01,37
1622,OH,4F,01,38
1623,OH,4F,01,39
1624,OH,4F,01,40
1625,OH,4F,01,41
1626,OH,4F,01,42
1627,OH,4F,01,43
1628,OH,4F,01,44
1629,OH,4F,01,45
1630,OH,4F,01,46
1631,OH,4F,01,47
1632,OH,4F,01,48
1633,OH,4F,01,49
1634,OH,4F,01,50
1635,OH,4F,01,51
1636,OH,4F,01,52
1637,OH,4F,01,53
1638,OH,4F,01,54
1639,OH,4F,01,55
1640,OH,4F,01,56
1641,OH,4F,01,57
1642,OH,4F,02,03
1643,OH,4F,02,04
1644,OH,4F,02,05
1645,OH,4F,02,06
1646,OH,4F,02,07
1647,OH,4F,02,08
1648,OH,4F,02,09
1649,OH,4F,02,10
1650,OH,4F,02,11
1651,OH,4F,02,12
1652,OH,4F,02,13
1653,OH,4F,02,14
1654,OH,4F,02,15
1655,OH,4F,02,16
1656,OH,4F,02,17
1657,OH,4F,02,18
1658,OH,4F,02,19
1659,OH,4F,02,20
1660,OH,4F,02,21
1661,OH,4F,02,22
1662,OH,4F,02,23
1663,OH,4F,02,24
1664,OH,4F,02,25
1665,OH,4F,02,26
1666,OH,4F,02,27
1667,OH,4F,02,28
1668,OH,4F,02,29
1669,OH,4F,02,30
1670,OH,4F,02,31
1671,OH,4F,02,32
1672,OH,4F,02,33
1673,OH,4F,02,34
1674,OH,4F,02,35
1675,OH,4F,02,36
1676,OH,4F,02,37
1677,OH,4F,02,38
1678,OH,4F,02,39
1679,OH,4F,02,40
1680,OH,4F,02,41
1681,OH,4F,02,42
1682,OH,4F,02,43
1683,OH,4F,02,44
1684,OH,4F,02,45
1685,OH,4F,02,46
1686,OH,4F,02,47
1687,OH,4F,02,48
1688,OH,4F,02,49
1689,OH,4F,02,50
1690,OH,4F,02,51
1691,OH,4F,02,52
1692,OH,4F,02,53
1693,OH,4F,02,54
1694,OH,4F,02,55
1695,OH,4F,02,56
1696,OH,4F,02,57
1697,OH,4F,02,58
1698,OH,4F,03,02
1699,OH,4F,03,03
1700,OH,4F,03,04
1701,OH,4F,03,05
1702,OH,4F,03,06
1703,OH,4F,03,07
1704,OH,4F,03,08
1705,OH,4F,03,09
1706,OH,4F,03,10
1707,OH,4F,03,11
1708,OH,4F,03,12
1709,OH,4F,03,13
1710,OH,4F,03,14
1711,OH,4F,03,15
1712,OH,4F,03,16
1713,OH,4F,03,17
1714,OH,4F,03,18
1715,OH,4F,03,19
1716,OH,4F,03,20
1717,OH,4F,03,21
1718,OH,4F,03,22
1719,OH,4F,03,23
1720,OH,4F,03,24
1721,OH,4F,03,25
1722,OH,4F,03,26
1723,OH,4F,03,27
1724,OH,4F,03,28
1725,OH,4F,03,29
1726,OH,4F,03,30
1727,OH,4F,03,31
1728,OH,4F,03,32
1729,OH,4F,03,33
1730,OH,4F,03,34
1731,OH,4F,03,35
1732,OH,4F,03,36
1733,OH,4F,03,37
1734,OH,4F,03,38
1735,OH,4F,03,39
1736,OH,4F,03,40
1737,OH,4F,03,41
1738,OH,4F,03,42
1739,OH,4F,03,43
1740,OH,4F,03,44
1741,OH,4F,03,45
1742,OH,4F,03,46
1743,OH,4F,03,47
1744,OH,4F,03,48
1745,OH,4F,03,49
1746,OH,4F,03,50
1747,OH,4F,03,51
1748,OH,4F,03,52
1749,OH,4F,03,53
1750,OH,4F,03,54
1751,OH,4F,03,55
1752,OH,4F,03,56
1753,OH,4F,03,57
1754,OH,4F,03,58
1755,OH,4F,04,01
1756,OH,4F,04,02
1757,OH,4F,04,03
1758,OH,4F,04,04
1759,OH,4F,04,05
1760,OH,4F,04,06
1761,OH,4F,04,07
1762,OH,4F,04,08
1763,OH,4F,04,09
1764,OH,4F,04,10
1765,OH,4F,04,11
1766,OH,4F,04,12
1767,OH,4F,04,13
1768,OH,4F,04,14
1769,OH,4F,04,15
1770,OH,4F,04,16
1771,OH,4F,04,17
1772,OH,4F,04,18
1773,OH,4F,04,19
1774,OH,4F,04,20
1775,OH,4F,04,21
1776,OH,4F,04,22
1777,OH,4F,04,23
1778,OH,4F,04,24
1779,OH,4F,04,25
1780,OH,4F,04,26
1781,OH,4F,04,27
1782,OH,4F,04,28
1783,OH,4F,04,29
1784,OH,4F,04,30
1785,OH,4F,04,31
1786,OH,4F,04,32
1787,OH,4F,04,33
1788,OH,4F,04,34
1789,OH,4F,04,35
1790,OH,4F,04,36
1791,OH,4F,04,37
1792,OH,4F,04,38
1793,OH,4F,04,39
1794,OH,4F,04,40
1795,OH,4F,04,41
1796,OH,4F,04,42
1797,OH,4F,04,43
1798,OH,4F,04,44
1799,OH,4F,04,45
1800,OH,4F,04,46
1801,OH,4F,04,47
1802,OH,4F,04,48
1803,OH,4F,04,49
1804,OH,4F,04,50
1805,OH,4F,04,51
1806,OH,4F,04,52
1807,OH,4F,04,53
1808,OH,4F,04,54
1809,OH,4F,04,55
1810,OH,4F,04,56
1811,OH,4F,04,57
1812,OH,4F,04,58
1813,PH,1F,01,33
1814,PH,1F,01,34
1815,PH,1F,01,35
1816,PH,1F,01,36
1817,PH,1F,01,37
1818,PH,1F,01,38
1819,PH,1F,01,39
1820,PH,1F,01,40
1821,PH,1F,01,41
1822,PH,1F,01,42
1823,PH,1F,01,43
1824,PH,1F,01,44
1825,PH,1F,01,45
1826,PH,1F,01,46
1827,PH,1F,02,29
1828,PH,1F,02,30
1829,PH,1F,02,31
1830,PH,1F,02,32
1831,PH,1F,02,33
1832,PH,1F,02,34
1833,PH,1F,02,35
1834,PH,1F,02,36
1835,PH,1F,02,37
1836,PH,1F,02,38
1837,PH,1F,02,39
1838,PH,1F,02,40
1839,PH,1F,02,41
1840,PH,1F,02,42
1841,PH,1F,02,43
1842,PH,1F,02,44
1843,PH,1F,02,45
1844,PH,1F,02,46
1845,PH,1F,02,47
1846,PH,1F,02,48
1847,PH,1F,02,49
1848,PH,1F,02,50
1849,PH,1F,03,28
1850,PH,1F,03,29
1851,PH,1F,03,30
1852,PH,1F,03,31
1853,PH,1F,03,32
1854,PH,1F,03,33
1855,PH,1F,03,34
1856,PH,1F,03,35
1857,PH,1F,03,36
1858,PH,1F,03,37
1859,PH,1F,03,38
1860,PH,1F,03,39
1861,PH,1F,03,40
1862,PH,1F,03,41
1863,PH,1F,03,42
1864,PH,1F,03,43
1865,PH,1F,03,44
1866,PH,1F,03,45
1867,PH,1F,03,46
1868,PH,1F,03,47
1869,PH,1F,03,48
1870,PH,1F,03,49
1871,PH,1F,03,50
1872,PH,1F,03,51
1873,PH,1F,04,27
1874,PH,1F,04,28
1875,PH,1F,04,29
1876,PH,1F,04,30
1877,PH,1F,04,31
1878,PH,1F,04,32
1879,PH,1F,04,33
1880,PH,1F,04,34
1881,PH,1F,04,35
1882,PH,1F,04,36
1883,PH,1F,04,37
1884,PH,1F,04,38
1885,PH,1F,04,39
1886,PH,1F,04,40
1887,PH,1F,04,41
1888,PH,1F,04,42
1889,PH,1F,04,43
1890,PH,1F,04,44
1891,PH,1F,04,45
1892,PH,1F,04,46
1893,PH,1F,04,47
1894,PH,1F,04,48
1895,PH,1F,04,49
1896,PH,1F,04,50
1897,PH,1F,04,51
1898,PH,1F,04,52
1899,PH,1F,05,26
1900,PH,1F,05,27
1901,PH,1F,05,28
1902,PH,1F,05,29
1903,PH,1F,05,30
1904,PH,1F,05,31
1905,PH,1F,05,32
1906,PH,1F,05,33
1907,PH,1F,05,34
1908,PH,1F,05,35
1909,PH,1F,05,36
1910,PH,1F,05,37
1911,PH,1F,05,38
1912,PH,1F,05,39
1913,PH,1F,05,40
1914,PH,1F,05,41
1915,PH,1F,05,42
1916,PH,1F,05,43
1917,PH,1F,05,44
1918,PH,1F,05,45
1919,PH,1F,05,46
1920,PH,1F,05,47
1921,PH,1F,05,48
1922,PH,1F,05,49
1923,PH,1F,05,50
1924,PH,1F,05,51
1925,PH,1F,05,52
1926,PH,1F,05,53
1927,PH,1F,06,25
1928,PH,1F,06,26
1929,PH,1F,06,27
1930,PH,1F,06,28
1931,PH,1F,06,29
1932,PH,1F,06,30
1933,PH,1F,06,31
1934,PH,1F,06,32
1935,PH,1F,06,33
1936,PH,1F,06,34
1937,PH,1F,06,35
1938,PH,1F,06,36
1939,PH,1F,06,37
1940,PH,1F,06,38
1941,PH,1F,06,39
1942,PH,1F,06,40
1943,PH,1F,06,41
1944,PH,1F,06,42
1945,PH,1F,06,43
1946,PH,1F,06,44
1947,PH,1F,06,45
1948,PH,1F,06,46
1949,PH,1F,06,47
1950,PH,1F,06,48
1951,PH,1F,06,49
1952,PH,1F,06,50
1953,PH,1F,06,51
1954,PH,1F,06,52
1955,PH,1F,06,53
1956,PH,1F,06,54
1957,PH,1F,07,24
1958,PH,1F,07,25
1959,PH,1F,07,26
1960,PH,1F,07,27
1961,PH,1F,07,28
1962,PH,1F,07,29
1963,PH,1F,07,30
1964,PH,1F,07,31
1965,PH,1F,07,32
1966,PH,1F,07,33
1967,PH,1F,07,34
1968,PH,1F,07,35
1969,PH,1F,07,36
1970,PH,1F,07,37
1971,PH,1F,07,38
1972,PH,1F,07,39
1973,PH,1F,07,40
1974,PH,1F,07,41
1975,PH,1F,07,42
1976,PH,1F,07,43
1977,PH,1F,07,44
1978,PH,1F,07,45
1979,PH,1F,07,46
1980,PH,1F,07,47
1981,PH,1F,07,48
1982,PH,1F,07,49
1983,PH,1F,07,50
1984,PH,1F,07,51
1985,PH,1F,07,52
1986,PH,1F,07,53
1987,PH,1F,07,54
1988,PH,1F,07,55
1989,PH,1F,08,23
1990,PH,1F,08,24
1991,PH,1F,08,25
1992,PH,1F,08,26
1993,PH,1F,08,27
1994,PH,1F,08,28
1995,PH,1F,08,29
1996,PH,1F,08,30
1997,PH,1F,08,31
1998,PH,1F,08,32
1999,PH,1F,08,33
2000,PH,1F,08,34
2001,PH,1F,08,35
2002,PH,1F,08,36
2003,PH,1F,08,37
2004,PH,1F,08,38
2005,PH,1F,08,39
2006,PH,1F,08,40
2007,PH,1F,08,41
2008,PH,1F,08,42
2009,PH,1F,08,43
2010,PH,1F,08,44
2011,PH,1F,08,45
2012,PH,1F,08,46
2013,PH,1F,08,47
2014,PH,1F,08,48
2015,PH,1F,08,49
2016,PH,1F,08,50
2017,PH,1F,08,51
2018,PH,1F,08,52
2019,PH,1F,08,53
2020,PH,1F,08,54
2021,PH,1F,08,55
2022,PH,1F,08,56
2023,PH,1F,09,24
2024,PH,1F,09,25
2025,PH,1F,09,26
2026,PH,1F,09,27
2027,PH,1F,09,28
2028,PH,1F,09,29
2029,PH,1F,09,30
2030,PH,1F,09,31
2031,PH,1F,09,32
2032,PH,1F,09,33
2033,PH,1F,09,34
2034,PH,1F,09,35
2035,PH,1F,09,36
2036,PH,1F,09,37
2037,PH,1F,09,38
2038,PH,1F,09,39
2039,PH,1F,09,40
2040,PH,1F,09,41
2041,PH,1F,09,42
2042,PH,1F,09,43
2043,PH,1F,09,44
2044,PH,1F,09,45
2045,PH,1F,09,46
2046,PH,1F,09,47
2047,PH,1F,09,48
2048,PH,1F,09,49
2049,PH,1F,09,50
2050,PH,1F,09,51
2051,PH,1F,09,52
2052,PH,1F,09,53
2053,PH,1F,09,54
2054,PH,1F,09,55
2055,PH,1F,10,19
2056,PH,1F,10,20
2057,PH,1F,10,21
2058,PH,1F,10,22
2059,PH,1F,10,23
2060,PH,1F,10,24
2061,PH,1F,10,25
2062,PH,1F,10,26
2063,PH,1F,10,27
2064,PH,1F,10,28
2065,PH,1F,10,29
2066,PH,1F,10,30
2067,PH,1F,10,31
2068,PH,1F,10,32
2069,PH,1F,10,33
2070,PH,1F,10,34
2071,PH,1F,10,35
2072,PH,1F,10,36
2073,PH,1F,10,37
2074,PH,1F,10,38
2075,PH,1F,10,39
2076,PH,1F,10,40
2077,PH,1F,10,41
2078,PH,1F,10,42
2079,PH,1F,10,43
2080,PH,1F,10,44
2081,PH,1F,10,45
2082,PH,1F,10,46
2083,PH,1F,10,47
2084,PH,1F,10,48
2085,PH,1F,10,49
2086,PH,1F,10,50
2087,PH,1F,10,51
2088,PH,1F,10,52
2089,PH,1F,10,53
2090,PH,1F,10,54
2091,PH,1F,10,55
2092,PH,1F,10,56
2093,PH,1F,10,57
2094,PH,1F,10,58
2095,PH,1F,10,59
2096,PH,1F,10,60
2097,PH,1F,10,61
2098,PH,1F,10,62
2099,PH,1F,10,63
2100,PH,1F,10,64
2101,PH,1F,11,18
2102,PH,1F,11,19
2103,PH,1F,11,20
2104,PH,1F,11,21
2105,PH,1F,11,22
2106,PH,1F,11,23
2107,PH,1F,11,24
2108,PH,1F,11,25
2109,PH,1F,11,26
2110,PH,1F,11,27
2111,PH,1F,11,28
2112,PH,1F,11,29
2113,PH,1F,11,30
2114,PH,1F,11,31
2115,PH,1F,11,32
2116,PH,1F,11,33
2117,PH,1F,11,34
2118,PH,1F,11,35
2119,PH,1F,11,36
2120,PH,1F,11,37
2121,PH,1F,11,38
2122,PH,1F,11,39
2123,PH,1F,11,40
2124,PH,1F,11,41
2125,PH,1F,11,42
2126,PH,1F,11,43
2127,PH,1F,11,44
2128,PH,1F,11,45
2129,PH,1F,11,46
2130,PH,1F,11,47
2131,PH,1F,11,48
2132,PH,1F,11,49
2133,PH,1F,11,50
2134,PH,1F,11,51
2135,PH,1F,11,52
2136,PH,1F,11,53
2137,PH,1F,11,54
2138,PH,1F,11,55
2139,PH,1F,11,56
2140,PH,1F,11,57
2141,PH,1F,11,58
2142,PH,1F,11,59
2143,PH,1F,11,60
2144,PH,1F,11,61
2145,PH,1F,11,62
2146,PH,1F,11,63
2147,PH,1F,11,64
2148,PH,1F,11,65
2149,PH,1F,11,66
2150,PH,1F,12,18
2151,PH,1F,12,19
2152,PH,1F,12,20
2153,PH,1F,12,21
2154,PH,1F,12,22
2155,PH,1F,12,23
2156,PH,1F,12,24
2157,PH,1F,12,25
2158,PH,1F,12,26
2159,PH,1F,12,27
2160,PH,1F,12,28
2161,PH,1F,12,29
2162,PH,1F,12,30
2163,PH,1F,12,31
2164,PH,1F,12,32
2165,PH,1F,12,33
2166,PH,1F,12,34
2167,PH,1F,12,35
2168,PH,1F,12,36
2169,PH,1F,12,37
2170,PH,1F,12,38
2171,PH,1F,12,39
2172,PH,1F,12,40
2173,PH,1F,12,41
2174,PH,1F,12,42
2175,PH,1F,12,43
2176,PH,1F,12,44
2177,PH,1F,12,45
2178,PH,1F,12,46
2179,PH,1F,12,47
2180,PH,1F,12,48
2181,PH,1F,12,49
2182,PH,1F,12,50
2183,PH,1F,12,51
2184,PH,1F,12,52
2185,PH,1F,12,53
2186,PH,1F,12,54
2187,PH,1F,12,55
2188,PH,1F,12,56
2189,PH,1F,12,57
2190,PH,1F,12,58
2191,PH,1F,12,59
2192,PH,1F,12,60
2193,PH,1F,12,61
2194,PH,1F,12,62
2195,PH,1F,12,63
2196,PH,1F,12,64
2197,PH,1F,12,65
2198,PH,1F,12,66
2199,PH,1F,13,17
2200,PH,1F,13,18
2201,PH,1F,13,19
2202,PH,1F,13,20
2203,PH,1F,13,21
2204,PH,1F,13,22
2205,PH,1F,13,23
2206,PH,1F,13,24
2207,PH,1F,13,25
2208,PH,1F,13,26
2209,PH,1F,13,27
2210,PH,1F,13,28
2211,PH,1F,13,29
2212,PH,1F,13,30
2213,PH,1F,13,31
2214,PH,1F,13,32
2215,PH,1F,13,33
2216,PH,1F,13,34
2217,PH,1F,13,35
2218,PH,1F,13,36
2219,PH,1F,13,37
2220,PH,1F,13,38
2221,PH,1F,13,39
2222,PH,1F,13,40
2223,PH,1F,13,41
2224,PH,1F,13,42
2225,PH,1F,13,43
2226,PH,1F,13,44
2227,PH,1F,13,45
2228,PH,1F,13,46
2229,PH,1F,13,47
2230,PH,1F,13,48
2231,PH,1F,13,49
2232,PH,1F,13,50
2233,PH,1F,13,51
2234,PH,1F,13,52
2235,PH,1F,13,53
2236,PH,1F,13,54
2237,PH,1F,13,55
2238,PH,1F,13,56
2239,PH,1F,13,57
2240,PH,1F,13,58
2241,PH,1F,13,59
2242,PH,1F,13,60
2243,PH,1F,13,61
2244,PH,1F,13,62
2245,PH,1F,13,63
2246,PH,1F,13,64
2247,PH,1F,13,65
2248,PH,1F,13,66
2249,PH,1F,13,67
2250,PH,1F,13,68
2251,PH,1F,14,17
2252,PH,1F,14,18
2253,PH,1F,14,19
2254,PH,1F,14,20
2255,PH,1F,14,21
2256,PH,1F,14,22
2257,PH,1F,14,23
2258,PH,1F,14,24
2259,PH,1F,14,25
2260,PH,1F,14,26
2261,PH,1F,14,27
2262,PH,1F,14,28
2263,PH,1F,14,29
2264,PH,1F,14,30
2265,PH,1F,14,31
2266,PH,1F,14,32
2267,PH,1F,14,33
2268,PH,1F,14,34
2269,PH,1F,14,35
2270,PH,1F,14,36
2271,PH,1F,14,37
2272,PH,1F,14,38
2273,PH,1F,14,39
2274,PH,1F,14,40
2275,PH,1F,14,41
2276,PH,1F,14,42
2277,PH,1F,14,43
2278,PH,1F,14,44
2279,PH,1F,14,45
2280,PH,1F,14,46
2281,PH,1F,14,47
2282,PH,1F,14,48
2283,PH,1F,14,49
2284,PH,1F,14,50
2285,PH,1F,14,51
2286,PH,1F,14,52
2287,PH,1F,14,53
2288,PH,1F,14,54
2289,PH,1F,14,55
2290,PH,1F,14,56
2291,PH,1F,14,57
2292,PH,1F,14,58
2293,PH,1F,14,59
2294,PH,1F,14,60
2295,PH,1F,14,61
2296,PH,1F,14,62
2297,PH,1F,14,63
2298,PH,1F,14,64
2299,PH,1F,14,65
2300,PH,1F,14,66
2301,PH,1F,14,67
2302,PH,1F,14,68
2303,PH,1F,15,16
2304,PH,1F,15,17
2305,PH,1F,15,18
2306,PH,1F,15,19
2307,PH,1F,15,20
2308,PH,1F,15,21
2309,PH,1F,15,22
2310,PH,1F,15,23
2311,PH,1F,15,24
2312,PH,1F,15,25
2313,PH,1F,15,26
2314,PH,1F,15,27
2315,PH,1F,15,28
2316,PH,1F,15,29
2317,PH,1F,15,30
2318,PH,1F,15,31
2319,PH,1F,15,32
2320,PH,1F,15,33
2321,PH,1F,15,34
2322,PH,1F,15,35
2323,PH,1F,15,36
2324,PH,1F,15,37
2325,PH,1F,15,38
2326,PH,1F,15,39
2327,PH,1F,15,40
2328,PH,1F,15,41
2329,PH,1F,15,42
2330,PH,1F,15,43
2331,PH,1F,15,44
2332,PH,1F,15,45
2333,PH,1F,15,46
2334,PH,1F,15,47
2335,PH,1F,15,48
2336,PH,1F,15,49
2337,PH,1F,15,50
2338,PH,1F,15,51
2339,PH,1F,15,52
2340,PH,1F,15,53
2341,PH,1F,15,54
2342,PH,1F,15,55
2343,PH,1F,15,56
2344,PH,1F,15,57
2345,PH,1F,15,58
2346,PH,1F,15,59
2347,PH,1F,15,60
2348,PH,1F,15,61
2349,PH,1F,15,62
2350,PH,1F,15,63
2351,PH,1F,15,64
2352,PH,1F,15,65
2353,PH,1F,15,66
2354,PH,1F,15,67
2355,PH,1F,15,68
2356,PH,1F,15,69
2357,PH,1F,15,70
2358,PH,1F,16,16
2359,PH,1F,16,17
2360,PH,1F,16,18
2361,PH,1F,16,19
2362,PH,1F,16,20
2363,PH,1F,16,21
2364,PH,1F,16,22
2365,PH,1F,16,23
2366,PH,1F,16,24
2367,PH,1F,16,25
2368,PH,1F,16,26
2369,PH,1F,16,27
2370,PH,1F,16,28
2371,PH,1F,16,29
2372,PH,1F,16,30
2373,PH,1F,16,31
2374,PH,1F,16,32
2375,PH,1F,16,33
2376,PH,1F,16,34
2377,PH,1F,16,35
2378,PH,1F,16,36
2379,PH,1F,16,37
2380,PH,1F,16,38
2381,PH,1F,16,39
2382,PH,1F,16,40
2383,PH,1F,16,41
2384,PH,1F,16,42
2385,PH,1F,16,43
2386,PH,1F,16,44
2387,PH,1F,16,45
2388,PH,1F,16,46
2389,PH,1F,16,47
2390,PH,1F,16,48
2391,PH,1F,16,49
2392,PH,1F,16,50
2393,PH,1F,16,51
2394,PH,1F,16,52
2395,PH,1F,16,53
2396,PH,1F,16,54
2397,PH,1F,16,55
2398,PH,1F,16,56
2399,PH,1F,16,57
2400,PH,1F,16,58
2401,PH,1F,16,59
2402,PH,1F,16,60
2403,PH,1F,16,61
2404,PH,1F,16,62
2405,PH,1F,16,63
2406,PH,1F,16,64
2407,PH,1F,16,65
2408,PH,1F,16,66
2409,PH,1F,16,67
2410,PH,1F,16,68
2411,PH,1F,16,69
2412,PH,1F,16,70
2413,PH,1F,17,15
2414,PH,1F,17,16
2415,PH,1F,17,17
2416,PH,1F,17,18
2417,PH,1F,17,19
2418,PH,1F,17,20
2419,PH,1F,17,21
2420,PH,1F,17,22
2421,PH,1F,17,23
2422,PH,1F,17,24
2423,PH,1F,17,25
2424,PH,1F,17,26
2425,PH,1F,17,27
2426,PH,1F,17,28
2427,PH,1F,17,29
2428,PH,1F,17,30
2429,PH,1F,17,31
2430,PH,1F,17,32
2431,PH,1F,17,33
2432,PH,1F,17,34
2433,PH,1F,17,35
2434,PH,1F,17,36
2435,PH,1F,17,37
2436,PH,1F,17,38
2437,PH,1F,17,39
2438,PH,1F,17,40
2439,PH,1F,17,41
2440,PH,1F,17,42
2441,PH,1F,17,43
2442,PH,1F,17,44
2443,PH,1F,17,45
2444,PH,1F,17,46
2445,PH,1F,17,47
2446,PH,1F,17,48
2447,PH,1F,17,49
2448,PH,1F,17,50
2449,PH,1F,17,51
2450,PH,1F,17,52
2451,PH,1F,17,53
2452,PH,1F,17,54
2453,PH,1F,17,55
2454,PH,1F,17,56
2455,PH,1F,17,57
2456,PH,1F,17,58
2457,PH,1F,17,59
2458,PH,1F,17,60
2459,PH,1F,17,61
2460,PH,1F,17,62
2461,PH,1F,17,63
2462,PH,1F,17,64
2463,PH,1F,17,65
2464,PH,1F,17,66
2465,PH,1F,17,67
2466,PH,1F,17,68
2467,PH,1F,17,69
2468,PH,1F,17,70
2469,PH,1F,17,71
2470,PH,1F,17,72
2471,PH,1F,18,15
2472,PH,1F,18,16
2473,PH,1F,18,17
2474,PH,1F,18,18
2475,PH,1F,18,19
2476,PH,1F,18,20
2477,PH,1F,18,21
2478,PH,1F,18,22
2479,PH,1F,18,23
2480,PH,1F,18,24
2481,PH,1F,18,25
2482,PH,1F,18,26
2483,PH,1F,18,27
2484,PH,1F,18,28
2485,PH,1F,18,29
2486,PH,1F,18,30
2487,PH,1F,18,31
2488,PH,1F,18,32
2489,PH,1F,18,33
2490,PH,1F,18,34
2491,PH,1F,18,35
2492,PH,1F,18,36
2493,PH,1F,18,37
2494,PH,1F,18,38
2495,PH,1F,18,39
2496,PH,1F,18,40
2497,PH,1F,18,41
2498,PH,1F,18,42
2499,PH,1F,18,43
2500,PH,1F,18,44
2501,PH,1F,18,45
2502,PH,1F,18,46
2503,PH,1F,18,47
2504,PH,1F,18,48
2505,PH,1F,18,49
2506,PH,1F,18,50
2507,PH,1F,18,51
2508,PH,1F,18,52
2509,PH,1F,18,53
2510,PH,1F,18,54
2511,PH,1F,18,55
2512,PH,1F,18,56
2513,PH,1F,18,57
2514,PH,1F,18,58
2515,PH,1F,18,59
2516,PH,1F,18,60
2517,PH,1F,18,61
2518,PH,1F,18,62
2519,PH,1F,18,63
2520,PH,1F,18,64
2521,PH,1F,18,65
2522,PH,1F,18,66
2523,PH,1F,18,67
2524,PH,1F,18,68
2525,PH,1F,18,69
2526,PH,1F,18,70
2527,PH,1F,18,71
2528,PH,1F,18,72
2529,PH,1F,19,14
2530,PH,1F,19,15
2531,PH,1F,19,16
2532,PH,1F,19,17
2533,PH,1F,19,18
2534,PH,1F,19,19
2535,PH,1F,19,20
2536,PH,1F,19,21
2537,PH,1F,19,22
2538,PH,1F,19,23
2539,PH,1F,19,24
2540,PH,1F,19,25
2541,PH,1F,19,26
2542,PH,1F,19,27
2543,PH,1F,19,28
2544,PH,1F,19,29
2545,PH,1F,19,30
2546,PH,1F,19,31
2547,PH,1F,19,32
2548,PH,1F,19,33
2549,PH,1F,19,34
2550,PH,1F,19,35
2551,PH,1F,19,36
2552,PH,1F,19,37
2553,PH,1F,19,38
2554,PH,1F,19,39
2555,PH,1F,19,40
2556,PH,1F,19,41
2557,PH,1F,19,42
2558,PH,1F,19,43
2559,PH,1F,19,44
2560,PH,1F,19,45
2561,PH,1F,19,46
2562,PH,1F,19,47
2563,PH,1F,19,48
2564,PH,1F,19,49
2565,PH,1F,19,50
2566,PH,1F,19,51
2567,PH,1F,19,52
2568,PH,1F,19,53
2569,PH,1F,19,54
2570,PH,1F,19,55
2571,PH,1F,19,56
2572,PH,1F,19,57
2573,PH,1F,19,58
2574,PH,1F,19,59
2575,PH,1F,19,60
2576,PH,1F,19,61
2577,PH,1F,19,62
2578,PH,1F,19,63
2579,PH,1F,19,64
2580,PH,1F,19,65
2581,PH,1F,19,66
2582,PH,1F,19,67
2583,PH,1F,19,68
2584,PH,1F,19,69
2585,PH,1F,19,70
2586,PH,1F,19,71
2587,PH,1F,19,72
2588,PH,1F,19,73
2589,PH,1F,19,74
2590,PH,1F,20,14
2591,PH,1F,20,15
2592,PH,1F,20,16
2593,PH,1F,20,17
2594,PH,1F,20,18
2595,PH,1F,20,19
2596,PH,1F,20,20
2597,PH,1F,20,21
2598,PH,1F,20,22
2599,PH,1F,20,23
2600,PH,1F,20,24
2601,PH,1F,20,25
2602,PH,1F,20,26
2603,PH,1F,20,27
2604,PH,1F,20,28
2605,PH,1F,20,29
2606,PH,1F,20,30
2607,PH,1F,20,31
2608,PH,1F,20,32
2609,PH,1F,20,33
2610,PH,1F,20,34
2611,PH,1F,20,35
2612,PH,1F,20,36
2613,PH,1F,20,37
2614,PH,1F,20,38
2615,PH,1F,20,50
2616,PH,1F,20,51
2617,PH,1F,20,52
2618,PH,1F,20,53
2619,PH,1F,20,54
2620,PH,1F,20,55
2621,PH,1F,20,56
2622,PH,1F,20,57
2623,PH,1F,20,58
2624,PH,1F,20,59
2625,PH,1F,20,60
2626,PH,1F,20,61
2627,PH,1F,20,62
2628,PH,1F,20,63
2629,PH,1F,20,64
2630,PH,1F,20,65
2631,PH,1F,20,66
2632,PH,1F,20,67
2633,PH,1F,20,68
2634,PH,1F,20,69
2635,PH,1F,20,70
2636,PH,1F,20,71
2637,PH,1F,20,72
2638,PH,1F,20,73
2639,PH,1F,20,74
2640,PH,1F,21,21
2641,PH,1F,21,22
2642,PH,1F,21,23
2643,PH,1F,21,24
2644,PH,1F,21,25
2645,PH,1F,21,26
2646,PH,1F,21,27
2647,PH,1F,21,28
2648,PH,1F,21,29
2649,PH,1F,21,30
2650,PH,1F,21,31
2651,PH,1F,21,32
2652,PH,1F,21,56
2653,PH,1F,21,57
2654,PH,1F,21,58
2655,PH,1F,21,59
2656,PH,1F,21,60
2657,PH,1F,21,61
2658,PH,1F,21,62
2659,PH,1F,21,63
2660,PH,1F,21,64
2661,PH,1F,21,65
2662,PH,1F,21,66
2663,PH,1F,21,67
2664,PH,2F,01,13
2665,PH,2F,01,14
2666,PH,2F,01,15
2667,PH,2F,01,16
2668,PH,2F,01,17
2669,PH,2F,01,18
2670,PH,2F,01,19
2671,PH,2F,01,20
2672,PH,2F,01,21
2673,PH,2F,01,22
2674,PH,2F,01,23
2675,PH,2F,01,24
2676,PH,2F,01,25
2677,PH,2F,01,26
2678,PH,2F,01,27
2679,PH,2F,01,28
2680,PH,2F,01,29
2681,PH,2F,01,30
2682,PH,2F,01,31
2683,PH,2F,01,32
2684,PH,2F,01,33
2685,PH,2F,01,34
2686,PH,2F,01,35
2687,PH,2F,01,36
2688,PH,2F,01,37
2689,PH,2F,01,38
2690,PH,2F,01,39
2691,PH,2F,01,40
2692,PH,2F,01,41
2693,PH,2F,01,42
2694,PH,2F,01,43
2695,PH,2F,01,44
2696,PH,2F,01,45
2697,PH,2F,01,46
2698,PH,2F,01,47
2699,PH,2F,01,48
2700,PH,2F,01,49
2701,PH,2F,01,50
2702,PH,2F,01,51
2703,PH,2F,01,52
2704,PH,2F,01,53
2705,PH,2F,01,54
2706,PH,2F,01,55
2707,PH,2F,01,56
2708,PH,2F,01,57
2709,PH,2F,01,58
2710,PH,2F,01,59
2711,PH,2F,01,60
2712,PH,2F,01,61
2713,PH,2F,01,62
2714,PH,2F,01,63
2715,PH,2F,01,64
2716,PH,2F,01,65
2717,PH,2F,01,66
2718,PH,2F,01,67
2719,PH,2F,01,68
2720,PH,2F,01,69
2721,PH,2F,01,70
2722,PH,2F,01,71
2723,PH,2F,01,72
2724,PH,2F,01,73
2725,PH,2F,02,13
2726,PH,2F,02,14
2727,PH,2F,02,15
2728,PH,2F,02,16
2729,PH,2F,02,17
2730,PH,2F,02,18
2731,PH,2F,02,19
2732,PH,2F,02,20
2733,PH,2F,02,21
2734,PH,2F,02,22
2735,PH,2F,02,23
2736,PH,2F,02,24
2737,PH,2F,02,25
2738,PH,2F,02,26
2739,PH,2F,02,27
2740,PH,2F,02,28
2741,PH,2F,02,29
2742,PH,2F,02,30
2743,PH,2F,02,31
2744,PH,2F,02,32
2745,PH,2F,02,33
2746,PH,2F,02,34
2747,PH,2F,02,35
2748,PH,2F,02,36
2749,PH,2F,02,37
2750,PH,2F,02,38
2751,PH,2F,02,39
2752,PH,2F,02,40
2753,PH,2F,02,41
2754,PH,2F,02,42
2755,PH,2F,02,43
2756,PH,2F,02,44
2757,PH,2F,02,45
2758,PH,2F,02,46
2759,PH,2F,02,47
2760,PH,2F,02,48
2761,PH,2F,02,49
2762,PH,2F,02,50
2763,PH,2F,02,51
2764,PH,2F,02,52
2765,PH,2F,02,53
2766,PH,2F,02,54
2767,PH,2F,02,55
2768,PH,2F,02,56
2769,PH,2F,02,57
2770,PH,2F,02,58
2771,PH,2F,02,59
2772,PH,2F,02,60
2773,PH,2F,02,61
2774,PH,2F,02,62
2775,PH,2F,02,63
2776,PH,2F,02,64
2777,PH,2F,02,65
2778,PH,2F,02,66
2779,PH,2F,02,67
2780,PH,2F,02,68
2781,PH,2F,02,69
2782,PH,2F,02,70
2783,PH,2F,02,71
2784,PH,2F,02,72
2785,PH,2F,02,73
2786,PH,2F,02,74
2787,PH,2F,03,12
2788,PH,2F,03,13
2789,PH,2F,03,14
2790,PH,2F,03,15
2791,PH,2F,03,16
2792,PH,2F,03,17
2793,PH,2F,03,18
2794,PH,2F,03,19
2795,PH,2F,03,20
2796,PH,2F,03,21
2797,PH,2F,03,22
2798,PH,2F,03,23
2799,PH,2F,03,24
2800,PH,2F,03,25
2801,PH,2F,03,26
2802,PH,2F,03,27
2803,PH,2F,03,28
2804,PH,2F,03,29
2805,PH,2F,03,30
2806,PH,2F,03,31
2807,PH,2F,03,32
2808,PH,2F,03,33
2809,PH,2F,03,34
2810,PH,2F,03,35
2811,PH,2F,03,36
2812,PH,2F,03,37
2813,PH,2F,03,38
2814,PH,2F,03,39
2815,PH,2F,03,40
2816,PH,2F,03,41
2817,PH,2F,03,42
2818,PH,2F,03,43
2819,PH,2F,03,44
2820,PH,2F,03,45
2821,PH,2F,03,46
2822,PH,2F,03,47
2823,PH,2F,03,48
2824,PH,2F,03,49
2825,PH,2F,03,50
2826,PH,2F,03,51
2827,PH,2F,03,52
2828,PH,2F,03,53
2829,PH,2F,03,54
2830,PH,2F,03,55
2831,PH,2F,03,56
2832,PH,2F,03,57
2833,PH,2F,03,58
2834,PH,2F,03,59
2835,PH,2F,03,60
2836,PH,2F,03,61
2837,PH,2F,03,62
2838,PH,2F,03,63
2839,PH,2F,03,64
2840,PH,2F,03,65
2841,PH,2F,03,66
2842,PH,2F,03,67
2843,PH,2F,03,68
2844,PH,2F,03,69
2845,PH,2F,03,70
2846,PH,2F,03,71
2847,PH,2F,03,72
2848,PH,2F,03,73
2849,PH,2F,03,74
2850,PH,2F,03,75
2851,TP,B1,A3,01
2852,TP,B1,A3,02
2853,TP,B1,A3,03
2854,TP,B1,A3,04
2855,TP,B1,A3,05
2856,TP,B1,A3,06
2857,TP,B1,A3,07
2858,TP,B1,A3,08
2859,TP,B1,A3,09
2860,TP,B1,A3,10
2861,TP,B1,A3,11
2862,TP,B1,A3,12
2863,TP,B1,A3,13
2864,TP,B1,A3,14
2865,TP,B1,A3,15
2866,TP,B1,A3,16
2867,TP,B1,A3,17
2868,TP,B1,A3,18
2869,TP,B1,B1,01
2870,TP,B1,B1,02
2871,TP,B1,B1,03
2872,TP,B1,B1,04
2873,TP,B1,B1,05
2874,TP,B1,B1,06
2875,TP,B1,B1,07
2876,TP,B1,B1,08
2877,TP,B1,B1,09
2878,TP,B1,B1,10
2879,TP,B1,B1,11
2880,TP,B1,B1,12
2881,TP,B1,B1,13
2882,TP,B1,B1,14
2883,TP,B1,B1,15
2884,TP,B1,B1,16
2885,TP,B1,B1,17
2886,TP,B1,B1,18
2887,TP,B1,B2,01
2888,TP,B1,B2,02
2889,TP,B1,B2,03
2890,TP,B1,B2,04
2891,TP,B1,B2,05
2892,TP,B1,B2,06
2893,TP,B1,B2,07
2894,TP,B1,B2,08
2895,TP,B1,B2,09
2896,TP,B1,B2,10
2897,TP,B1,B2,11
2898,TP,B1,B2,12
2899,TP,B1,B2,13
2900,TP,B1,B2,14
2901,TP,B1,B2,15
2902,TP,B1,B2,16
2903,TP,B1,B2,17
2904,TP,B1,B2,18
2905,TP,B1,B3,01
2906,TP,B1,B3,02
2907,TP,B1,B3,03
2908,TP,B1,B3,04
2909,TP,B1,B3,05
2910,TP,B1,B3,06
2911,TP,B1,B3,07
2912,TP,B1,B3,08
2913,TP,B1,B3,09
2914,TP,B1,B3,10
2915,TP,B1,B3,11
2916,TP,B1,B3,12
2917,TP,B1,B3,13
2918,TP,B1,B3,14
2919,TP,B1,B3,15
2920,TP,B1,B3,16
2921,TP,B1,B3,17
2922,TP,B1,B3,18
2923,TP,B1,C1,01
2924,TP,B1,C1,02
2925,TP,B1,C1,03
2926,TP,B1,C1,04
2927,TP,B1,C1,05
2928,TP,B1,C1,06
2929,TP,B1,C1,07
2930,TP,B1,C1,08
2931,TP,B1,C1,09
2932,TP,B1,C1,10
2933,TP,B1,C1,11
2934,TP,B1,C1,12
2935,TP,B1,C1,13
2936,TP,B1,C1,14
2937,TP,B1,C1,15
2938,TP,B1,C1,16
2939,TP,B1,C1,17
2940,TP,B1,C1,18
2941,TP,B1,C2,01
2942,TP,B1,C2,02
2943,TP,B1,C2,03
2944,TP,B1,C2,04
2945,TP,B1,C2,05
2946,TP,B1,C2,06
2947,TP,B1,C2,07
2948,TP,B1,C2,08
2949,TP,B1,C2,09
2950,TP,B1,C2,10
2951,TP,B1,C2,11
2952,TP,B1,C2,12
2953,TP,B1,C2,13
2954,TP,B1,C2,14
2955,TP,B1,C2,15
2956,TP,B1,C2,16
2957,TP,B1,C2,17
2958,TP,B1,C2,18
2959,TP,B1,C3,01
2960,TP,B1,C3,02
2961,TP,B1,C3,03
2962,TP,B1,C3,04
2963,TP,B1,C3,05
2964,TP,B1,C3,06
2965,TP,B1,C3,07
2966,TP,B1,C3,08
2967,TP,B1,C3,09
2968,TP,B1,C3,10
2969,TP,B1,C3,11
2970,TP,B1,C3,12
2971,TP,B1,C3,13
2972,TP,B1,C3,14
2973,TP,B1,C3,15
2974,TP,B1,C3,16
2975,TP,B1,C3,17
2976,TP,B1,C3,18
2977,TP,B1,C4,01
2978,TP,B1,C4,02
2979,TP,B1,C4,03
2980,TP,B1,C4,04
2981,TP,B1,C4,05
2982,TP,B1,C4,06
2983,TP,B1,C4,07
2984,TP,B1,C4,08
2985,TP,B1,C4,09
2986,TP,B1,C4,10
2987,TP,B1,C4,11
2988,TP,B1,C4,12
2989,TP,B1,C4,13
2990,TP,B1,C4,14
2991,TP,B1,C4,15
2992,TP,B1,C4,16
2993,TP,B1,C4,17
2994,TP,B1,C4,18
2995,TP,B1,C5,01
2996,TP,B1,C5,02
2997,TP,B1,C5,03
2998,TP,B1,C5,04
2999,TP,B1,C5,05
3000,TP,B1,C5,06
3001,TP,B1,C5,07
3002,TP,B1,C5,08
3003,TP,B1,C5,09
3004,TP,B1,C5,10
3005,TP,B1,C5,11
3006,TP,B1,C5,12
3007,TP,B1,C5,13
3008,TP,B1,C5,14
3009,TP,B1,C5,15
3010,TP,B1,C5,16
3011,TP,B1,C5,17
3012,TP,B1,C5,18
3013,TP,B1,C6,01
3014,TP,B1,C6,02
3015,TP,B1,C6,03
3016,TP,B1,C6,04
3017,TP,B1,C6,05
3018,TP,B1,C6,06
3019,TP,B1,C6,07
3020,TP,B1,C6,08
3021,TP,B1,C6,09
3022,TP,B1,C6,10
3023,TP,B1,C6,11
3024,TP,B1,C6,12
3025,TP,B1,C6,13
3026,TP,B1,C6,14
3027,TP,B1,C6,15
3028,TP,B1,C6,16
3029,TP,B1,C6,17
3030,TP,B1,C6,18
3031,TP,B1,D1,01
3032,TP,B1,D1,02
3033,TP,B1,D1,03
3034,TP,B1,D1,04
3035,TP,B1,D1,05
3036,TP,B1,D1,06
3037,TP,B1,D1,07
3038,TP,B1,D1,08
3039,TP,B1,D1,09
3040,TP,B1,D1,10
3041,TP,B1,D1,11
3042,TP,B1,D1,12
3043,TP,B1,D1,13
3044,TP,B1,D1,14
3045,TP,B1,D1,15
3046,TP,B1,D1,16
3047,TP,B1,D1,17
3048,TP,B1,D1,18
3049,TP,B1,D2,01
3050,TP,B1,D2,02
3051,TP,B1,D2,03
3052,TP,B1,D2,04
3053,TP,B1,D2,05
3054,TP,B1,D2,06
3055,TP,B1,D2,07
3056,TP,B1,D2,08
3057,TP,B1,D2,09
3058,TP,B1,D2,10
3059,TP,B1,D2,11
3060,TP,B1,D2,12
3061,TP,B1,D2,13
3062,TP,B1,D2,14
3063,TP,B1,D2,15
3064,TP,B1,D2,16
3065,TP,B1,D2,17
3066,TP,B1,D2,18
3067,TP,B1,D3,01
3068,TP,B1,D3,02
3069,TP,B1,D3,03
3070,TP,B1,D3,04
3071,TP,B1,D3,05
3072,TP,B1,D3,06
3073,TP,B1,D3,07
3074,TP,B1,D3,08
3075,TP,B1,D3,09
3076,TP,B1,D3,10
3077,TP,B1,D3,11
3078,TP,B1,D3,12
3079,TP,B1,D3,13
3080,TP,B1,D3,14
3081,TP,B1,D3,15
3082,TP,B1,D3,16
3083,TP,B1,D3,17
3084,TP,B1,D3,18
3085,TP,B1,D4,01
3086,TP,B1,D4,02
3087,TP,B1,D4,03
3088,TP,B1,D4,04
3089,TP,B1,D4,05
3090,TP,B1,D4,06
3091,TP,B1,D4,07
3092,TP,B1,D4,08
3093,TP,B1,D4,09
3094,TP,B1,D4,10
3095,TP,B1,D4,11
3096,TP,B1,D4,12
3097,TP,B1,D4,13
3098,TP,B1,D4,14
3099,TP,B1,D4,15
3100,TP,B1,D4,16
3101,TP,B1,D4,17
3102,TP,B1,D4,18
3103,TP,B1,D5,01
3104,TP,B1,D5,02
3105,TP,B1,D5,03
3106,TP,B1,D5,04
3107,TP,B1,D5,05
3108,TP,B1,D5,06
3109,TP,B1,D5,07
3110,TP,B1,D5,08
3111,TP,B1,D5,09
3112,TP,B1,D5,10
3113,TP,B1,D5,11
3114,TP,B1,D5,12
3115,TP,B1,D5,13
3116,TP,B1,D5,14
3117,TP,B1,D5,15
3118,TP,B1,D5,16
3119,TP,B1,D5,17
3120,TP,B1,D5,18
3121,TP,B1,D6,01
3122,TP,B1,D6,02
3123,TP,B1,D6,03
3124,TP,B1,D6,04
3125,TP,B1,D6,05
3126,TP,B1,D6,06
3127,TP,B1,D6,07
3128,TP,B1,D6,08
3129,TP,B1,D6,09
3130,TP,B1,D6,10
3131,TP,B1,D6,11
3132,TP,B1,D6,12
3133,TP,B1,D6,13
3134,TP,B1,D6,14
3135,TP,B1,D6,15
3136,TP,B1,D6,16
3137,TP,B1,D6,17
3138,TP,B1,D6,18
3139,TP,B1,CB,01
3140,TP,B1,CB,02
3141,TP,B1,CB,03
3142,TP,B1,CB,04
3143,TP,B1,CB,05
3144,TP,B1,CB,06
3145,TP,B1,CB,07
3146,TP,B1,CB,08
3147,TP,B1,CB,09
3148,TP,B1,CB,10
3149,TP,B1,CB,11
3150,TP,B1,CB,12
3151,TP,B1,CB,13
3152,TP,B1,CB,14
3153,TP,B1,CB,15
3154,TP,B1,CB,16
3155,TP,B1,CB,17
3156,TP,B1,CB,18
3157,TP,B1,LB,15
3158,TP,B1,LB,16
3159,TP,B1,LB,17
3160,TP,B1,LB,18
3161,TP,B1,LB,19
3162,TP,B1,LB,20
3163,TP,B1,LB,21
3164,TP,B1,LB,22
3165,TP,B1,LB,23
3166,TP,B1,LB,24
3167,TP,B1,LB,25
3168,TP,B1,LB,26
3169,TP,B1,LB,27
3170,TP,B1,LB,28
3171,TP,B1,LB,29
3172,TP,B1,LB,30
3173,TP,B1,LB,31
3174,TP,B1,LB,32
3175,TP,B1,LB,33
3176,TP,B1,LB,34
3177,TP,B1,LB,35
3178,TP,B1,LB,36
3179,TP,B1,LB,37
3180,TP,B1,LB,38
3181,TP,B1,LB,39
3182,TP,B1,LB,40
3183,TP,B1,RB,15
3184,TP,B1,RB,16
3185,TP,B1,RB,17
3186,TP,B1,RB,18
3187,TP,B1,RB,19
3188,TP,B1,RB,20
3189,TP,B1,RB,21
3190,TP,B1,RB,22
3191,TP,B1,RB,23
3192,TP,B1,RB,24
3193,TP,B1,RB,25
3194,TP,B1,RB,26
3195,TP,B1,RB,27
3196,TP,B1,RB,28
3197,TP,B1,RB,29
3198,TP,B1,RB,30
3199,TP,B1,RB,31
3200,TP,B1,RB,32
3201,TP,B1,RB,33
3202,TP,B1,RB,34
3203,TP,B1,RB,35
3204,TP,B1,RB,36
3205,TP,B1,RB,37
3206,TP,B1,RB,38
3207,TP,B1,RB,39
3208,TP,B1,RB,40
